Well,Row,Row Number,Column,Quadrant,Ounce
A1,A,1,1,1,1
A2,A,1,2,2,5
A3,A,1,3,1,2
A4,A,1,4,2,6
A5,A,1,5,1,1
A6,A,1,6,2,5
A7,A,1,7,1,2
A8,A,1,8,2,6
A9,A,1,9,1,1
A10,A,1,10,2,5
A11,A,1,11,1,2
A12,A,1,12,2,6
A13,A,1,13,1,1
A14,A,1,14,2,5
A15,A,1,15,1,2
A16,A,1,16,2,6
A17,A,1,17,1,1
A18,A,1,18,2,5
A19,A,1,19,1,2
A20,A,1,20,2,6
A21,A,1,21,1,1
A22,A,1,22,2,5
A23,A,1,23,1,2
A24,A,1,24,2,6
A25,A,1,25,1,1
A26,A,1,26,2,5
A27,A,1,27,1,2
A28,A,1,28,2,6
A29,A,1,29,1,1
A30,A,1,30,2,5
A31,A,1,31,1,2
A32,A,1,32,2,6
A33,A,1,33,1,1
A34,A,1,34,2,5
A35,A,1,35,1,2
A36,A,1,36,2,6
A37,A,1,37,1,1
A38,A,1,38,2,5
A39,A,1,39,1,2
A40,A,1,40,2,6
A41,A,1,41,1,1
A42,A,1,42,2,5
A43,A,1,43,1,2
A44,A,1,44,2,6
A45,A,1,45,1,1
A46,A,1,46,2,5
A47,A,1,47,1,2
A48,A,1,48,2,6
B1,B,2,1,3,9
B2,B,2,2,4,13
B3,B,2,3,3,10
B4,B,2,4,4,14
B5,B,2,5,3,9
B6,B,2,6,4,13
B7,B,2,7,3,10
B8,B,2,8,4,14
B9,B,2,9,3,9
B10,B,2,10,4,13
B11,B,2,11,3,10
B12,B,2,12,4,14
B13,B,2,13,3,9
B14,B,2,14,4,13
B15,B,2,15,3,10
B16,B,2,16,4,14
B17,B,2,17,3,9
B18,B,2,18,4,13
B19,B,2,19,3,10
B20,B,2,20,4,14
B21,B,2,21,3,9
B22,B,2,22,4,13
B23,B,2,23,3,10
B24,B,2,24,4,14
B25,B,2,25,3,9
B26,B,2,26,4,13
B27,B,2,27,3,10
B28,B,2,28,4,14
B29,B,2,29,3,9
B30,B,2,30,4,13
B31,B,2,31,3,10
B32,B,2,32,4,14
B33,B,2,33,3,9
B34,B,2,34,4,13
B35,B,2,35,3,10
B36,B,2,36,4,14
B37,B,2,37,3,9
B38,B,2,38,4,13
B39,B,2,39,3,10
B40,B,2,40,4,14
B41,B,2,41,3,9
B42,B,2,42,4,13
B43,B,2,43,3,10
B44,B,2,44,4,14
B45,B,2,45,3,9
B46,B,2,46,4,13
B47,B,2,47,3,10
B48,B,2,48,4,14
C1,C,3,1,1,3
C2,C,3,2,2,7
C3,C,3,3,1,4
C4,C,3,4,2,8
C5,C,3,5,1,3
C6,C,3,6,2,7
C7,C,3,7,1,4
C8,C,3,8,2,8
C9,C,3,9,1,3
C10,C,3,10,2,7
C11,C,3,11,1,4
C12,C,3,12,2,8
C13,C,3,13,1,3
C14,C,3,14,2,7
C15,C,3,15,1,4
C16,C,3,16,2,8
C17,C,3,17,1,3
C18,C,3,18,2,7
C19,C,3,19,1,4
C20,C,3,20,2,8
C21,C,3,21,1,3
C22,C,3,22,2,7
C23,C,3,23,1,4
C24,C,3,24,2,8
C25,C,3,25,1,3
C26,C,3,26,2,7
C27,C,3,27,1,4
C28,C,3,28,2,8
C29,C,3,29,1,3
C30,C,3,30,2,7
C31,C,3,31,1,4
C32,C,3,32,2,8
C33,C,3,33,1,3
C34,C,3,34,2,7
C35,C,3,35,1,4
C36,C,3,36,2,8
C37,C,3,37,1,3
C38,C,3,38,2,7
C39,C,3,39,1,4
C40,C,3,40,2,8
C41,C,3,41,1,3
C42,C,3,42,2,7
C43,C,3,43,1,4
C44,C,3,44,2,8
C45,C,3,45,1,3
C46,C,3,46,2,7
C47,C,3,47,1,4
C48,C,3,48,2,8
D1,D,4,1,3,11
D2,D,4,2,4,15
D3,D,4,3,3,12
D4,D,4,4,4,16
D5,D,4,5,3,11
D6,D,4,6,4,15
D7,D,4,7,3,12
D8,D,4,8,4,16
D9,D,4,9,3,11
D10,D,4,10,4,15
D11,D,4,11,3,12
D12,D,4,12,4,16
D13,D,4,13,3,11
D14,D,4,14,4,15
D15,D,4,15,3,12
D16,D,4,16,4,16
D17,D,4,17,3,11
D18,D,4,18,4,15
D19,D,4,19,3,12
D20,D,4,20,4,16
D21,D,4,21,3,11
D22,D,4,22,4,15
D23,D,4,23,3,12
D24,D,4,24,4,16
D25,D,4,25,3,11
D26,D,4,26,4,15
D27,D,4,27,3,12
D28,D,4,28,4,16
D29,D,4,29,3,11
D30,D,4,30,4,15
D31,D,4,31,3,12
D32,D,4,32,4,16
D33,D,4,33,3,11
D34,D,4,34,4,15
D35,D,4,35,3,12
D36,D,4,36,4,16
D37,D,4,37,3,11
D38,D,4,38,4,15
D39,D,4,39,3,12
D40,D,4,40,4,16
D41,D,4,41,3,11
D42,D,4,42,4,15
D43,D,4,43,3,12
D44,D,4,44,4,16
D45,D,4,45,3,11
D46,D,4,46,4,15
D47,D,4,47,3,12
D48,D,4,48,4,16
E1,E,5,1,1,1
E2,E,5,2,2,5
E3,E,5,3,1,2
E4,E,5,4,2,6
E5,E,5,5,1,1
E6,E,5,6,2,5
E7,E,5,7,1,2
E8,E,5,8,2,6
E9,E,5,9,1,1
E10,E,5,10,2,5
E11,E,5,11,1,2
E12,E,5,12,2,6
E13,E,5,13,1,1
E14,E,5,14,2,5
E15,E,5,15,1,2
E16,E,5,16,2,6
E17,E,5,17,1,1
E18,E,5,18,2,5
E19,E,5,19,1,2
E20,E,5,20,2,6
E21,E,5,21,1,1
E22,E,5,22,2,5
E23,E,5,23,1,2
E24,E,5,24,2,6
E25,E,5,25,1,1
E26,E,5,26,2,5
E27,E,5,27,1,2
E28,E,5,28,2,6
E29,E,5,29,1,1
E30,E,5,30,2,5
E31,E,5,31,1,2
E32,E,5,32,2,6
E33,E,5,33,1,1
E34,E,5,34,2,5
E35,E,5,35,1,2
E36,E,5,36,2,6
E37,E,5,37,1,1
E38,E,5,38,2,5
E39,E,5,39,1,2
E40,E,5,40,2,6
E41,E,5,41,1,1
E42,E,5,42,2,5
E43,E,5,43,1,2
E44,E,5,44,2,6
E45,E,5,45,1,1
E46,E,5,46,2,5
E47,E,5,47,1,2
E48,E,5,48,2,6
F1,F,6,1,3,9
F2,F,6,2,4,13
F3,F,6,3,3,10
F4,F,6,4,4,14
F5,F,6,5,3,9
F6,F,6,6,4,13
F7,F,6,7,3,10
F8,F,6,8,4,14
F9,F,6,9,3,9
F10,F,6,10,4,13
F11,F,6,11,3,10
F12,F,6,12,4,14
F13,F,6,13,3,9
F14,F,6,14,4,13
F15,F,6,15,3,10
F16,F,6,16,4,14
F17,F,6,17,3,9
F18,F,6,18,4,13
F19,F,6,19,3,10
F20,F,6,20,4,14
F21,F,6,21,3,9
F22,F,6,22,4,13
F23,F,6,23,3,10
F24,F,6,24,4,14
F25,F,6,25,3,9
F26,F,6,26,4,13
F27,F,6,27,3,10
F28,F,6,28,4,14
F29,F,6,29,3,9
F30,F,6,30,4,13
F31,F,6,31,3,10
F32,F,6,32,4,14
F33,F,6,33,3,9
F34,F,6,34,4,13
F35,F,6,35,3,10
F36,F,6,36,4,14
F37,F,6,37,3,9
F38,F,6,38,4,13
F39,F,6,39,3,10
F40,F,6,40,4,14
F41,F,6,41,3,9
F42,F,6,42,4,13
F43,F,6,43,3,10
F44,F,6,44,4,14
F45,F,6,45,3,9
F46,F,6,46,4,13
F47,F,6,47,3,10
F48,F,6,48,4,14
G1,G,7,1,1,3
G2,G,7,2,2,7
G3,G,7,3,1,4
G4,G,7,4,2,8
G5,G,7,5,1,3
G6,G,7,6,2,7
G7,G,7,7,1,4
G8,G,7,8,2,8
G9,G,7,9,1,3
G10,G,7,10,2,7
G11,G,7,11,1,4
G12,G,7,12,2,8
G13,G,7,13,1,3
G14,G,7,14,2,7
G15,G,7,15,1,4
G16,G,7,16,2,8
G17,G,7,17,1,3
G18,G,7,18,2,7
G19,G,7,19,1,4
G20,G,7,20,2,8
G21,G,7,21,1,3
G22,G,7,22,2,7
G23,G,7,23,1,4
G24,G,7,24,2,8
G25,G,7,25,1,3
G26,G,7,26,2,7
G27,G,7,27,1,4
G28,G,7,28,2,8
G29,G,7,29,1,3
G30,G,7,30,2,7
G31,G,7,31,1,4
G32,G,7,32,2,8
G33,G,7,33,1,3
G34,G,7,34,2,7
G35,G,7,35,1,4
G36,G,7,36,2,8
G37,G,7,37,1,3
G38,G,7,38,2,7
G39,G,7,39,1,4
G40,G,7,40,2,8
G41,G,7,41,1,3
G42,G,7,42,2,7
G43,G,7,43,1,4
G44,G,7,44,2,8
G45,G,7,45,1,3
G46,G,7,46,2,7
G47,G,7,47,1,4
G48,G,7,48,2,8
H1,H,8,1,3,11
H2,H,8,2,4,15
H3,H,8,3,3,12
H4,H,8,4,4,16
H5,H,8,5,3,11
H6,H,8,6,4,15
H7,H,8,7,3,12
H8,H,8,8,4,16
H9,H,8,9,3,11
H10,H,8,10,4,15
H11,H,8,11,3,12
H12,H,8,12,4,16
H13,H,8,13,3,11
H14,H,8,14,4,15
H15,H,8,15,3,12
H16,H,8,16,4,16
H17,H,8,17,3,11
H18,H,8,18,4,15
H19,H,8,19,3,12
H20,H,8,20,4,16
H21,H,8,21,3,11
H22,H,8,22,4,15
H23,H,8,23,3,12
H24,H,8,24,4,16
H25,H,8,25,3,11
H26,H,8,26,4,15
H27,H,8,27,3,12
H28,H,8,28,4,16
H29,H,8,29,3,11
H30,H,8,30,4,15
H31,H,8,31,3,12
H32,H,8,32,4,16
H33,H,8,33,3,11
H34,H,8,34,4,15
H35,H,8,35,3,12
H36,H,8,36,4,16
H37,H,8,37,3,11
H38,H,8,38,4,15
H39,H,8,39,3,12
H40,H,8,40,4,16
H41,H,8,41,3,11
H42,H,8,42,4,15
H43,H,8,43,3,12
H44,H,8,44,4,16
H45,H,8,45,3,11
H46,H,8,46,4,15
H47,H,8,47,3,12
H48,H,8,48,4,16
I1,I,9,1,1,1
I2,I,9,2,2,5
I3,I,9,3,1,2
I4,I,9,4,2,6
I5,I,9,5,1,1
I6,I,9,6,2,5
I7,I,9,7,1,2
I8,I,9,8,2,6
I9,I,9,9,1,1
I10,I,9,10,2,5
I11,I,9,11,1,2
I12,I,9,12,2,6
I13,I,9,13,1,1
I14,I,9,14,2,5
I15,I,9,15,1,2
I16,I,9,16,2,6
I17,I,9,17,1,1
I18,I,9,18,2,5
I19,I,9,19,1,2
I20,I,9,20,2,6
I21,I,9,21,1,1
I22,I,9,22,2,5
I23,I,9,23,1,2
I24,I,9,24,2,6
I25,I,9,25,1,1
I26,I,9,26,2,5
I27,I,9,27,1,2
I28,I,9,28,2,6
I29,I,9,29,1,1
I30,I,9,30,2,5
I31,I,9,31,1,2
I32,I,9,32,2,6
I33,I,9,33,1,1
I34,I,9,34,2,5
I35,I,9,35,1,2
I36,I,9,36,2,6
I37,I,9,37,1,1
I38,I,9,38,2,5
I39,I,9,39,1,2
I40,I,9,40,2,6
I41,I,9,41,1,1
I42,I,9,42,2,5
I43,I,9,43,1,2
I44,I,9,44,2,6
I45,I,9,45,1,1
I46,I,9,46,2,5
I47,I,9,47,1,2
I48,I,9,48,2,6
J1,J,10,1,3,9
J2,J,10,2,4,13
J3,J,10,3,3,10
J4,J,10,4,4,14
J5,J,10,5,3,9
J6,J,10,6,4,13
J7,J,10,7,3,10
J8,J,10,8,4,14
J9,J,10,9,3,9
J10,J,10,10,4,13
J11,J,10,11,3,10
J12,J,10,12,4,14
J13,J,10,13,3,9
J14,J,10,14,4,13
J15,J,10,15,3,10
J16,J,10,16,4,14
J17,J,10,17,3,9
J18,J,10,18,4,13
J19,J,10,19,3,10
J20,J,10,20,4,14
J21,J,10,21,3,9
J22,J,10,22,4,13
J23,J,10,23,3,10
J24,J,10,24,4,14
J25,J,10,25,3,9
J26,J,10,26,4,13
J27,J,10,27,3,10
J28,J,10,28,4,14
J29,J,10,29,3,9
J30,J,10,30,4,13
J31,J,10,31,3,10
J32,J,10,32,4,14
J33,J,10,33,3,9
J34,J,10,34,4,13
J35,J,10,35,3,10
J36,J,10,36,4,14
J37,J,10,37,3,9
J38,J,10,38,4,13
J39,J,10,39,3,10
J40,J,10,40,4,14
J41,J,10,41,3,9
J42,J,10,42,4,13
J43,J,10,43,3,10
J44,J,10,44,4,14
J45,J,10,45,3,9
J46,J,10,46,4,13
J47,J,10,47,3,10
J48,J,10,48,4,14
K1,K,11,1,1,3
K2,K,11,2,2,7
K3,K,11,3,1,4
K4,K,11,4,2,8
K5,K,11,5,1,3
K6,K,11,6,2,7
K7,K,11,7,1,4
K8,K,11,8,2,8
K9,K,11,9,1,3
K10,K,11,10,2,7
K11,K,11,11,1,4
K12,K,11,12,2,8
K13,K,11,13,1,3
K14,K,11,14,2,7
K15,K,11,15,1,4
K16,K,11,16,2,8
K17,K,11,17,1,3
K18,K,11,18,2,7
K19,K,11,19,1,4
K20,K,11,20,2,8
K21,K,11,21,1,3
K22,K,11,22,2,7
K23,K,11,23,1,4
K24,K,11,24,2,8
K25,K,11,25,1,3
K26,K,11,26,2,7
K27,K,11,27,1,4
K28,K,11,28,2,8
K29,K,11,29,1,3
K30,K,11,30,2,7
K31,K,11,31,1,4
K32,K,11,32,2,8
K33,K,11,33,1,3
K34,K,11,34,2,7
K35,K,11,35,1,4
K36,K,11,36,2,8
K37,K,11,37,1,3
K38,K,11,38,2,7
K39,K,11,39,1,4
K40,K,11,40,2,8
K41,K,11,41,1,3
K42,K,11,42,2,7
K43,K,11,43,1,4
K44,K,11,44,2,8
K45,K,11,45,1,3
K46,K,11,46,2,7
K47,K,11,47,1,4
K48,K,11,48,2,8
L1,L,12,1,3,11
L2,L,12,2,4,15
L3,L,12,3,3,12
L4,L,12,4,4,16
L5,L,12,5,3,11
L6,L,12,6,4,15
L7,L,12,7,3,12
L8,L,12,8,4,16
L9,L,12,9,3,11
L10,L,12,10,4,15
L11,L,12,11,3,12
L12,L,12,12,4,16
L13,L,12,13,3,11
L14,L,12,14,4,15
L15,L,12,15,3,12
L16,L,12,16,4,16
L17,L,12,17,3,11
L18,L,12,18,4,15
L19,L,12,19,3,12
L20,L,12,20,4,16
L21,L,12,21,3,11
L22,L,12,22,4,15
L23,L,12,23,3,12
L24,L,12,24,4,16
L25,L,12,25,3,11
L26,L,12,26,4,15
L27,L,12,27,3,12
L28,L,12,28,4,16
L29,L,12,29,3,11
L30,L,12,30,4,15
L31,L,12,31,3,12
L32,L,12,32,4,16
L33,L,12,33,3,11
L34,L,12,34,4,15
L35,L,12,35,3,12
L36,L,12,36,4,16
L37,L,12,37,3,11
L38,L,12,38,4,15
L39,L,12,39,3,12
L40,L,12,40,4,16
L41,L,12,41,3,11
L42,L,12,42,4,15
L43,L,12,43,3,12
L44,L,12,44,4,16
L45,L,12,45,3,11
L46,L,12,46,4,15
L47,L,12,47,3,12
L48,L,12,48,4,16
M1,M,13,1,1,1
M2,M,13,2,2,5
M3,M,13,3,1,2
M4,M,13,4,2,6
M5,M,13,5,1,1
M6,M,13,6,2,5
M7,M,13,7,1,2
M8,M,13,8,2,6
M9,M,13,9,1,1
M10,M,13,10,2,5
M11,M,13,11,1,2
M12,M,13,12,2,6
M13,M,13,13,1,1
M14,M,13,14,2,5
M15,M,13,15,1,2
M16,M,13,16,2,6
M17,M,13,17,1,1
M18,M,13,18,2,5
M19,M,13,19,1,2
M20,M,13,20,2,6
M21,M,13,21,1,1
M22,M,13,22,2,5
M23,M,13,23,1,2
M24,M,13,24,2,6
M25,M,13,25,1,1
M26,M,13,26,2,5
M27,M,13,27,1,2
M28,M,13,28,2,6
M29,M,13,29,1,1
M30,M,13,30,2,5
M31,M,13,31,1,2
M32,M,13,32,2,6
M33,M,13,33,1,1
M34,M,13,34,2,5
M35,M,13,35,1,2
M36,M,13,36,2,6
M37,M,13,37,1,1
M38,M,13,38,2,5
M39,M,13,39,1,2
M40,M,13,40,2,6
M41,M,13,41,1,1
M42,M,13,42,2,5
M43,M,13,43,1,2
M44,M,13,44,2,6
M45,M,13,45,1,1
M46,M,13,46,2,5
M47,M,13,47,1,2
M48,M,13,48,2,6
N1,N,14,1,3,9
N2,N,14,2,4,13
N3,N,14,3,3,10
N4,N,14,4,4,14
N5,N,14,5,3,9
N6,N,14,6,4,13
N7,N,14,7,3,10
N8,N,14,8,4,14
N9,N,14,9,3,9
N10,N,14,10,4,13
N11,N,14,11,3,10
N12,N,14,12,4,14
N13,N,14,13,3,9
N14,N,14,14,4,13
N15,N,14,15,3,10
N16,N,14,16,4,14
N17,N,14,17,3,9
N18,N,14,18,4,13
N19,N,14,19,3,10
N20,N,14,20,4,14
N21,N,14,21,3,9
N22,N,14,22,4,13
N23,N,14,23,3,10
N24,N,14,24,4,14
N25,N,14,25,3,9
N26,N,14,26,4,13
N27,N,14,27,3,10
N28,N,14,28,4,14
N29,N,14,29,3,9
N30,N,14,30,4,13
N31,N,14,31,3,10
N32,N,14,32,4,14
N33,N,14,33,3,9
N34,N,14,34,4,13
N35,N,14,35,3,10
N36,N,14,36,4,14
N37,N,14,37,3,9
N38,N,14,38,4,13
N39,N,14,39,3,10
N40,N,14,40,4,14
N41,N,14,41,3,9
N42,N,14,42,4,13
N43,N,14,43,3,10
N44,N,14,44,4,14
N45,N,14,45,3,9
N46,N,14,46,4,13
N47,N,14,47,3,10
N48,N,14,48,4,14
O1,O,15,1,1,3
O2,O,15,2,2,7
O3,O,15,3,1,4
O4,O,15,4,2,8
O5,O,15,5,1,3
O6,O,15,6,2,7
O7,O,15,7,1,4
O8,O,15,8,2,8
O9,O,15,9,1,3
O10,O,15,10,2,7
O11,O,15,11,1,4
O12,O,15,12,2,8
O13,O,15,13,1,3
O14,O,15,14,2,7
O15,O,15,15,1,4
O16,O,15,16,2,8
O17,O,15,17,1,3
O18,O,15,18,2,7
O19,O,15,19,1,4
O20,O,15,20,2,8
O21,O,15,21,1,3
O22,O,15,22,2,7
O23,O,15,23,1,4
O24,O,15,24,2,8
O25,O,15,25,1,3
O26,O,15,26,2,7
O27,O,15,27,1,4
O28,O,15,28,2,8
O29,O,15,29,1,3
O30,O,15,30,2,7
O31,O,15,31,1,4
O32,O,15,32,2,8
O33,O,15,33,1,3
O34,O,15,34,2,7
O35,O,15,35,1,4
O36,O,15,36,2,8
O37,O,15,37,1,3
O38,O,15,38,2,7
O39,O,15,39,1,4
O40,O,15,40,2,8
O41,O,15,41,1,3
O42,O,15,42,2,7
O43,O,15,43,1,4
O44,O,15,44,2,8
O45,O,15,45,1,3
O46,O,15,46,2,7
O47,O,15,47,1,4
O48,O,15,48,2,8
P1,P,16,1,3,11
P2,P,16,2,4,15
P3,P,16,3,3,12
P4,P,16,4,4,16
P5,P,16,5,3,11
P6,P,16,6,4,15
P7,P,16,7,3,12
P8,P,16,8,4,16
P9,P,16,9,3,11
P10,P,16,10,4,15
P11,P,16,11,3,12
P12,P,16,12,4,16
P13,P,16,13,3,11
P14,P,16,14,4,15
P15,P,16,15,3,12
P16,P,16,16,4,16
P17,P,16,17,3,11
P18,P,16,18,4,15
P19,P,16,19,3,12
P20,P,16,20,4,16
P21,P,16,21,3,11
P22,P,16,22,4,15
P23,P,16,23,3,12
P24,P,16,24,4,16
P25,P,16,25,3,11
P26,P,16,26,4,15
P27,P,16,27,3,12
P28,P,16,28,4,16
P29,P,16,29,3,11
P30,P,16,30,4,15
P31,P,16,31,3,12
P32,P,16,32,4,16
P33,P,16,33,3,11
P34,P,16,34,4,15
P35,P,16,35,3,12
P36,P,16,36,4,16
P37,P,16,37,3,11
P38,P,16,38,4,15
P39,P,16,39,3,12
P40,P,16,40,4,16
P41,P,16,41,3,11
P42,P,16,42,4,15
P43,P,16,43,3,12
P44,P,16,44,4,16
P45,P,16,45,3,11
P46,P,16,46,4,15
P47,P,16,47,3,12
P48,P,16,48,4,16
Q1,Q,17,1,1,1
Q2,Q,17,2,2,5
Q3,Q,17,3,1,2
Q4,Q,17,4,2,6
Q5,Q,17,5,1,1
Q6,Q,17,6,2,5
Q7,Q,17,7,1,2
Q8,Q,17,8,2,6
Q9,Q,17,9,1,1
Q10,Q,17,10,2,5
Q11,Q,17,11,1,2
Q12,Q,17,12,2,6
Q13,Q,17,13,1,1
Q14,Q,17,14,2,5
Q15,Q,17,15,1,2
Q16,Q,17,16,2,6
Q17,Q,17,17,1,1
Q18,Q,17,18,2,5
Q19,Q,17,19,1,2
Q20,Q,17,20,2,6
Q21,Q,17,21,1,1
Q22,Q,17,22,2,5
Q23,Q,17,23,1,2
Q24,Q,17,24,2,6
Q25,Q,17,25,1,1
Q26,Q,17,26,2,5
Q27,Q,17,27,1,2
Q28,Q,17,28,2,6
Q29,Q,17,29,1,1
Q30,Q,17,30,2,5
Q31,Q,17,31,1,2
Q32,Q,17,32,2,6
Q33,Q,17,33,1,1
Q34,Q,17,34,2,5
Q35,Q,17,35,1,2
Q36,Q,17,36,2,6
Q37,Q,17,37,1,1
Q38,Q,17,38,2,5
Q39,Q,17,39,1,2
Q40,Q,17,40,2,6
Q41,Q,17,41,1,1
Q42,Q,17,42,2,5
Q43,Q,17,43,1,2
Q44,Q,17,44,2,6
Q45,Q,17,45,1,1
Q46,Q,17,46,2,5
Q47,Q,17,47,1,2
Q48,Q,17,48,2,6
R1,R,18,1,3,9
R2,R,18,2,4,13
R3,R,18,3,3,10
R4,R,18,4,4,14
R5,R,18,5,3,9
R6,R,18,6,4,13
R7,R,18,7,3,10
R8,R,18,8,4,14
R9,R,18,9,3,9
R10,R,18,10,4,13
R11,R,18,11,3,10
R12,R,18,12,4,14
R13,R,18,13,3,9
R14,R,18,14,4,13
R15,R,18,15,3,10
R16,R,18,16,4,14
R17,R,18,17,3,9
R18,R,18,18,4,13
R19,R,18,19,3,10
R20,R,18,20,4,14
R21,R,18,21,3,9
R22,R,18,22,4,13
R23,R,18,23,3,10
R24,R,18,24,4,14
R25,R,18,25,3,9
R26,R,18,26,4,13
R27,R,18,27,3,10
R28,R,18,28,4,14
R29,R,18,29,3,9
R30,R,18,30,4,13
R31,R,18,31,3,10
R32,R,18,32,4,14
R33,R,18,33,3,9
R34,R,18,34,4,13
R35,R,18,35,3,10
R36,R,18,36,4,14
R37,R,18,37,3,9
R38,R,18,38,4,13
R39,R,18,39,3,10
R40,R,18,40,4,14
R41,R,18,41,3,9
R42,R,18,42,4,13
R43,R,18,43,3,10
R44,R,18,44,4,14
R45,R,18,45,3,9
R46,R,18,46,4,13
R47,R,18,47,3,10
R48,R,18,48,4,14
S1,S,19,1,1,3
S2,S,19,2,2,7
S3,S,19,3,1,4
S4,S,19,4,2,8
S5,S,19,5,1,3
S6,S,19,6,2,7
S7,S,19,7,1,4
S8,S,19,8,2,8
S9,S,19,9,1,3
S10,S,19,10,2,7
S11,S,19,11,1,4
S12,S,19,12,2,8
S13,S,19,13,1,3
S14,S,19,14,2,7
S15,S,19,15,1,4
S16,S,19,16,2,8
S17,S,19,17,1,3
S18,S,19,18,2,7
S19,S,19,19,1,4
S20,S,19,20,2,8
S21,S,19,21,1,3
S22,S,19,22,2,7
S23,S,19,23,1,4
S24,S,19,24,2,8
S25,S,19,25,1,3
S26,S,19,26,2,7
S27,S,19,27,1,4
S28,S,19,28,2,8
S29,S,19,29,1,3
S30,S,19,30,2,7
S31,S,19,31,1,4
S32,S,19,32,2,8
S33,S,19,33,1,3
S34,S,19,34,2,7
S35,S,19,35,1,4
S36,S,19,36,2,8
S37,S,19,37,1,3
S38,S,19,38,2,7
S39,S,19,39,1,4
S40,S,19,40,2,8
S41,S,19,41,1,3
S42,S,19,42,2,7
S43,S,19,43,1,4
S44,S,19,44,2,8
S45,S,19,45,1,3
S46,S,19,46,2,7
S47,S,19,47,1,4
S48,S,19,48,2,8
T1,T,20,1,3,11
T2,T,20,2,4,15
T3,T,20,3,3,12
T4,T,20,4,4,16
T5,T,20,5,3,11
T6,T,20,6,4,15
T7,T,20,7,3,12
T8,T,20,8,4,16
T9,T,20,9,3,11
T10,T,20,10,4,15
T11,T,20,11,3,12
T12,T,20,12,4,16
T13,T,20,13,3,11
T14,T,20,14,4,15
T15,T,20,15,3,12
T16,T,20,16,4,16
T17,T,20,17,3,11
T18,T,20,18,4,15
T19,T,20,19,3,12
T20,T,20,20,4,16
T21,T,20,21,3,11
T22,T,20,22,4,15
T23,T,20,23,3,12
T24,T,20,24,4,16
T25,T,20,25,3,11
T26,T,20,26,4,15
T27,T,20,27,3,12
T28,T,20,28,4,16
T29,T,20,29,3,11
T30,T,20,30,4,15
T31,T,20,31,3,12
T32,T,20,32,4,16
T33,T,20,33,3,11
T34,T,20,34,4,15
T35,T,20,35,3,12
T36,T,20,36,4,16
T37,T,20,37,3,11
T38,T,20,38,4,15
T39,T,20,39,3,12
T40,T,20,40,4,16
T41,T,20,41,3,11
T42,T,20,42,4,15
T43,T,20,43,3,12
T44,T,20,44,4,16
T45,T,20,45,3,11
T46,T,20,46,4,15
T47,T,20,47,3,12
T48,T,20,48,4,16
U1,U,21,1,1,1
U2,U,21,2,2,5
U3,U,21,3,1,2
U4,U,21,4,2,6
U5,U,21,5,1,1
U6,U,21,6,2,5
U7,U,21,7,1,2
U8,U,21,8,2,6
U9,U,21,9,1,1
U10,U,21,10,2,5
U11,U,21,11,1,2
U12,U,21,12,2,6
U13,U,21,13,1,1
U14,U,21,14,2,5
U15,U,21,15,1,2
U16,U,21,16,2,6
U17,U,21,17,1,1
U18,U,21,18,2,5
U19,U,21,19,1,2
U20,U,21,20,2,6
U21,U,21,21,1,1
U22,U,21,22,2,5
U23,U,21,23,1,2
U24,U,21,24,2,6
U25,U,21,25,1,1
U26,U,21,26,2,5
U27,U,21,27,1,2
U28,U,21,28,2,6
U29,U,21,29,1,1
U30,U,21,30,2,5
U31,U,21,31,1,2
U32,U,21,32,2,6
U33,U,21,33,1,1
U34,U,21,34,2,5
U35,U,21,35,1,2
U36,U,21,36,2,6
U37,U,21,37,1,1
U38,U,21,38,2,5
U39,U,21,39,1,2
U40,U,21,40,2,6
U41,U,21,41,1,1
U42,U,21,42,2,5
U43,U,21,43,1,2
U44,U,21,44,2,6
U45,U,21,45,1,1
U46,U,21,46,2,5
U47,U,21,47,1,2
U48,U,21,48,2,6
V1,V,22,1,3,9
V2,V,22,2,4,13
V3,V,22,3,3,10
V4,V,22,4,4,14
V5,V,22,5,3,9
V6,V,22,6,4,13
V7,V,22,7,3,10
V8,V,22,8,4,14
V9,V,22,9,3,9
V10,V,22,10,4,13
V11,V,22,11,3,10
V12,V,22,12,4,14
V13,V,22,13,3,9
V14,V,22,14,4,13
V15,V,22,15,3,10
V16,V,22,16,4,14
V17,V,22,17,3,9
V18,V,22,18,4,13
V19,V,22,19,3,10
V20,V,22,20,4,14
V21,V,22,21,3,9
V22,V,22,22,4,13
V23,V,22,23,3,10
V24,V,22,24,4,14
V25,V,22,25,3,9
V26,V,22,26,4,13
V27,V,22,27,3,10
V28,V,22,28,4,14
V29,V,22,29,3,9
V30,V,22,30,4,13
V31,V,22,31,3,10
V32,V,22,32,4,14
V33,V,22,33,3,9
V34,V,22,34,4,13
V35,V,22,35,3,10
V36,V,22,36,4,14
V37,V,22,37,3,9
V38,V,22,38,4,13
V39,V,22,39,3,10
V40,V,22,40,4,14
V41,V,22,41,3,9
V42,V,22,42,4,13
V43,V,22,43,3,10
V44,V,22,44,4,14
V45,V,22,45,3,9
V46,V,22,46,4,13
V47,V,22,47,3,10
V48,V,22,48,4,14
W1,W,23,1,1,3
W2,W,23,2,2,7
W3,W,23,3,1,4
W4,W,23,4,2,8
W5,W,23,5,1,3
W6,W,23,6,2,7
W7,W,23,7,1,4
W8,W,23,8,2,8
W9,W,23,9,1,3
W10,W,23,10,2,7
W11,W,23,11,1,4
W12,W,23,12,2,8
W13,W,23,13,1,3
W14,W,23,14,2,7
W15,W,23,15,1,4
W16,W,23,16,2,8
W17,W,23,17,1,3
W18,W,23,18,2,7
W19,W,23,19,1,4
W20,W,23,20,2,8
W21,W,23,21,1,3
W22,W,23,22,2,7
W23,W,23,23,1,4
W24,W,23,24,2,8
W25,W,23,25,1,3
W26,W,23,26,2,7
W27,W,23,27,1,4
W28,W,23,28,2,8
W29,W,23,29,1,3
W30,W,23,30,2,7
W31,W,23,31,1,4
W32,W,23,32,2,8
W33,W,23,33,1,3
W34,W,23,34,2,7
W35,W,23,35,1,4
W36,W,23,36,2,8
W37,W,23,37,1,3
W38,W,23,38,2,7
W39,W,23,39,1,4
W40,W,23,40,2,8
W41,W,23,41,1,3
W42,W,23,42,2,7
W43,W,23,43,1,4
W44,W,23,44,2,8
W45,W,23,45,1,3
W46,W,23,46,2,7
W47,W,23,47,1,4
W48,W,23,48,2,8
X1,X,24,1,3,11
X2,X,24,2,4,15
X3,X,24,3,3,12
X4,X,24,4,4,16
X5,X,24,5,3,11
X6,X,24,6,4,15
X7,X,24,7,3,12
X8,X,24,8,4,16
X9,X,24,9,3,11
X10,X,24,10,4,15
X11,X,24,11,3,12
X12,X,24,12,4,16
X13,X,24,13,3,11
X14,X,24,14,4,15
X15,X,24,15,3,12
X16,X,24,16,4,16
X17,X,24,17,3,11
X18,X,24,18,4,15
X19,X,24,19,3,12
X20,X,24,20,4,16
X21,X,24,21,3,11
X22,X,24,22,4,15
X23,X,24,23,3,12
X24,X,24,24,4,16
X25,X,24,25,3,11
X26,X,24,26,4,15
X27,X,24,27,3,12
X28,X,24,28,4,16
X29,X,24,29,3,11
X30,X,24,30,4,15
X31,X,24,31,3,12
X32,X,24,32,4,16
X33,X,24,33,3,11
X34,X,24,34,4,15
X35,X,24,35,3,12
X36,X,24,36,4,16
X37,X,24,37,3,11
X38,X,24,38,4,15
X39,X,24,39,3,12
X40,X,24,40,4,16
X41,X,24,41,3,11
X42,X,24,42,4,15
X43,X,24,43,3,12
X44,X,24,44,4,16
X45,X,24,45,3,11
X46,X,24,46,4,15
X47,X,24,47,3,12
X48,X,24,48,4,16
Y1,Y,25,1,1,1
Y2,Y,25,2,2,5
Y3,Y,25,3,1,2
Y4,Y,25,4,2,6
Y5,Y,25,5,1,1
Y6,Y,25,6,2,5
Y7,Y,25,7,1,2
Y8,Y,25,8,2,6
Y9,Y,25,9,1,1
Y10,Y,25,10,2,5
Y11,Y,25,11,1,2
Y12,Y,25,12,2,6
Y13,Y,25,13,1,1
Y14,Y,25,14,2,5
Y15,Y,25,15,1,2
Y16,Y,25,16,2,6
Y17,Y,25,17,1,1
Y18,Y,25,18,2,5
Y19,Y,25,19,1,2
Y20,Y,25,20,2,6
Y21,Y,25,21,1,1
Y22,Y,25,22,2,5
Y23,Y,25,23,1,2
Y24,Y,25,24,2,6
Y25,Y,25,25,1,1
Y26,Y,25,26,2,5
Y27,Y,25,27,1,2
Y28,Y,25,28,2,6
Y29,Y,25,29,1,1
Y30,Y,25,30,2,5
Y31,Y,25,31,1,2
Y32,Y,25,32,2,6
Y33,Y,25,33,1,1
Y34,Y,25,34,2,5
Y35,Y,25,35,1,2
Y36,Y,25,36,2,6
Y37,Y,25,37,1,1
Y38,Y,25,38,2,5
Y39,Y,25,39,1,2
Y40,Y,25,40,2,6
Y41,Y,25,41,1,1
Y42,Y,25,42,2,5
Y43,Y,25,43,1,2
Y44,Y,25,44,2,6
Y45,Y,25,45,1,1
Y46,Y,25,46,2,5
Y47,Y,25,47,1,2
Y48,Y,25,48,2,6
Z1,Z,26,1,3,9
Z2,Z,26,2,4,13
Z3,Z,26,3,3,10
Z4,Z,26,4,4,14
Z5,Z,26,5,3,9
Z6,Z,26,6,4,13
Z7,Z,26,7,3,10
Z8,Z,26,8,4,14
Z9,Z,26,9,3,9
Z10,Z,26,10,4,13
Z11,Z,26,11,3,10
Z12,Z,26,12,4,14
Z13,Z,26,13,3,9
Z14,Z,26,14,4,13
Z15,Z,26,15,3,10
Z16,Z,26,16,4,14
Z17,Z,26,17,3,9
Z18,Z,26,18,4,13
Z19,Z,26,19,3,10
Z20,Z,26,20,4,14
Z21,Z,26,21,3,9
Z22,Z,26,22,4,13
Z23,Z,26,23,3,10
Z24,Z,26,24,4,14
Z25,Z,26,25,3,9
Z26,Z,26,26,4,13
Z27,Z,26,27,3,10
Z28,Z,26,28,4,14
Z29,Z,26,29,3,9
Z30,Z,26,30,4,13
Z31,Z,26,31,3,10
Z32,Z,26,32,4,14
Z33,Z,26,33,3,9
Z34,Z,26,34,4,13
Z35,Z,26,35,3,10
Z36,Z,26,36,4,14
Z37,Z,26,37,3,9
Z38,Z,26,38,4,13
Z39,Z,26,39,3,10
Z40,Z,26,40,4,14
Z41,Z,26,41,3,9
Z42,Z,26,42,4,13
Z43,Z,26,43,3,10
Z44,Z,26,44,4,14
Z45,Z,26,45,3,9
Z46,Z,26,46,4,13
Z47,Z,26,47,3,10
Z48,Z,26,48,4,14
AA1,AA,27,1,1,3
AA2,AA,27,2,2,7
AA3,AA,27,3,1,4
AA4,AA,27,4,2,8
AA5,AA,27,5,1,3
AA6,AA,27,6,2,7
AA7,AA,27,7,1,4
AA8,AA,27,8,2,8
AA9,AA,27,9,1,3
AA10,AA,27,10,2,7
AA11,AA,27,11,1,4
AA12,AA,27,12,2,8
AA13,AA,27,13,1,3
AA14,AA,27,14,2,7
AA15,AA,27,15,1,4
AA16,AA,27,16,2,8
AA17,AA,27,17,1,3
AA18,AA,27,18,2,7
AA19,AA,27,19,1,4
AA20,AA,27,20,2,8
AA21,AA,27,21,1,3
AA22,AA,27,22,2,7
AA23,AA,27,23,1,4
AA24,AA,27,24,2,8
AA25,AA,27,25,1,3
AA26,AA,27,26,2,7
AA27,AA,27,27,1,4
AA28,AA,27,28,2,8
AA29,AA,27,29,1,3
AA30,AA,27,30,2,7
AA31,AA,27,31,1,4
AA32,AA,27,32,2,8
AA33,AA,27,33,1,3
AA34,AA,27,34,2,7
AA35,AA,27,35,1,4
AA36,AA,27,36,2,8
AA37,AA,27,37,1,3
AA38,AA,27,38,2,7
AA39,AA,27,39,1,4
AA40,AA,27,40,2,8
AA41,AA,27,41,1,3
AA42,AA,27,42,2,7
AA43,AA,27,43,1,4
AA44,AA,27,44,2,8
AA45,AA,27,45,1,3
AA46,AA,27,46,2,7
AA47,AA,27,47,1,4
AA48,AA,27,48,2,8
AB1,AB,28,1,3,11
AB2,AB,28,2,4,15
AB3,AB,28,3,3,12
AB4,AB,28,4,4,16
AB5,AB,28,5,3,11
AB6,AB,28,6,4,15
AB7,AB,28,7,3,12
AB8,AB,28,8,4,16
AB9,AB,28,9,3,11
AB10,AB,28,10,4,15
AB11,AB,28,11,3,12
AB12,AB,28,12,4,16
AB13,AB,28,13,3,11
AB14,AB,28,14,4,15
AB15,AB,28,15,3,12
AB16,AB,28,16,4,16
AB17,AB,28,17,3,11
AB18,AB,28,18,4,15
AB19,AB,28,19,3,12
AB20,AB,28,20,4,16
AB21,AB,28,21,3,11
AB22,AB,28,22,4,15
AB23,AB,28,23,3,12
AB24,AB,28,24,4,16
AB25,AB,28,25,3,11
AB26,AB,28,26,4,15
AB27,AB,28,27,3,12
AB28,AB,28,28,4,16
AB29,AB,28,29,3,11
AB30,AB,28,30,4,15
AB31,AB,28,31,3,12
AB32,AB,28,32,4,16
AB33,AB,28,33,3,11
AB34,AB,28,34,4,15
AB35,AB,28,35,3,12
AB36,AB,28,36,4,16
AB37,AB,28,37,3,11
AB38,AB,28,38,4,15
AB39,AB,28,39,3,12
AB40,AB,28,40,4,16
AB41,AB,28,41,3,11
AB42,AB,28,42,4,15
AB43,AB,28,43,3,12
AB44,AB,28,44,4,16
AB45,AB,28,45,3,11
AB46,AB,28,46,4,15
AB47,AB,28,47,3,12
AB48,AB,28,48,4,16
AC1,AC,29,1,1,1
AC2,AC,29,2,2,5
AC3,AC,29,3,1,2
AC4,AC,29,4,2,6
AC5,AC,29,5,1,1
AC6,AC,29,6,2,5
AC7,AC,29,7,1,2
AC8,AC,29,8,2,6
AC9,AC,29,9,1,1
AC10,AC,29,10,2,5
AC11,AC,29,11,1,2
AC12,AC,29,12,2,6
AC13,AC,29,13,1,1
AC14,AC,29,14,2,5
AC15,AC,29,15,1,2
AC16,AC,29,16,2,6
AC17,AC,29,17,1,1
AC18,AC,29,18,2,5
AC19,AC,29,19,1,2
AC20,AC,29,20,2,6
AC21,AC,29,21,1,1
AC22,AC,29,22,2,5
AC23,AC,29,23,1,2
AC24,AC,29,24,2,6
AC25,AC,29,25,1,1
AC26,AC,29,26,2,5
AC27,AC,29,27,1,2
AC28,AC,29,28,2,6
AC29,AC,29,29,1,1
AC30,AC,29,30,2,5
AC31,AC,29,31,1,2
AC32,AC,29,32,2,6
AC33,AC,29,33,1,1
AC34,AC,29,34,2,5
AC35,AC,29,35,1,2
AC36,AC,29,36,2,6
AC37,AC,29,37,1,1
AC38,AC,29,38,2,5
AC39,AC,29,39,1,2
AC40,AC,29,40,2,6
AC41,AC,29,41,1,1
AC42,AC,29,42,2,5
AC43,AC,29,43,1,2
AC44,AC,29,44,2,6
AC45,AC,29,45,1,1
AC46,AC,29,46,2,5
AC47,AC,29,47,1,2
AC48,AC,29,48,2,6
AD1,AD,30,1,3,9
AD2,AD,30,2,4,13
AD3,AD,30,3,3,10
AD4,AD,30,4,4,14
AD5,AD,30,5,3,9
AD6,AD,30,6,4,13
AD7,AD,30,7,3,10
AD8,AD,30,8,4,14
AD9,AD,30,9,3,9
AD10,AD,30,10,4,13
AD11,AD,30,11,3,10
AD12,AD,30,12,4,14
AD13,AD,30,13,3,9
AD14,AD,30,14,4,13
AD15,AD,30,15,3,10
AD16,AD,30,16,4,14
AD17,AD,30,17,3,9
AD18,AD,30,18,4,13
AD19,AD,30,19,3,10
AD20,AD,30,20,4,14
AD21,AD,30,21,3,9
AD22,AD,30,22,4,13
AD23,AD,30,23,3,10
AD24,AD,30,24,4,14
AD25,AD,30,25,3,9
AD26,AD,30,26,4,13
AD27,AD,30,27,3,10
AD28,AD,30,28,4,14
AD29,AD,30,29,3,9
AD30,AD,30,30,4,13
AD31,AD,30,31,3,10
AD32,AD,30,32,4,14
AD33,AD,30,33,3,9
AD34,AD,30,34,4,13
AD35,AD,30,35,3,10
AD36,AD,30,36,4,14
AD37,AD,30,37,3,9
AD38,AD,30,38,4,13
AD39,AD,30,39,3,10
AD40,AD,30,40,4,14
AD41,AD,30,41,3,9
AD42,AD,30,42,4,13
AD43,AD,30,43,3,10
AD44,AD,30,44,4,14
AD45,AD,30,45,3,9
AD46,AD,30,46,4,13
AD47,AD,30,47,3,10
AD48,AD,30,48,4,14
AE1,AE,31,1,1,3
AE2,AE,31,2,2,7
AE3,AE,31,3,1,4
AE4,AE,31,4,2,8
AE5,AE,31,5,1,3
AE6,AE,31,6,2,7
AE7,AE,31,7,1,4
AE8,AE,31,8,2,8
AE9,AE,31,9,1,3
AE10,AE,31,10,2,7
AE11,AE,31,11,1,4
AE12,AE,31,12,2,8
AE13,AE,31,13,1,3
AE14,AE,31,14,2,7
AE15,AE,31,15,1,4
AE16,AE,31,16,2,8
AE17,AE,31,17,1,3
AE18,AE,31,18,2,7
AE19,AE,31,19,1,4
AE20,AE,31,20,2,8
AE21,AE,31,21,1,3
AE22,AE,31,22,2,7
AE23,AE,31,23,1,4
AE24,AE,31,24,2,8
AE25,AE,31,25,1,3
AE26,AE,31,26,2,7
AE27,AE,31,27,1,4
AE28,AE,31,28,2,8
AE29,AE,31,29,1,3
AE30,AE,31,30,2,7
AE31,AE,31,31,1,4
AE32,AE,31,32,2,8
AE33,AE,31,33,1,3
AE34,AE,31,34,2,7
AE35,AE,31,35,1,4
AE36,AE,31,36,2,8
AE37,AE,31,37,1,3
AE38,AE,31,38,2,7
AE39,AE,31,39,1,4
AE40,AE,31,40,2,8
AE41,AE,31,41,1,3
AE42,AE,31,42,2,7
AE43,AE,31,43,1,4
AE44,AE,31,44,2,8
AE45,AE,31,45,1,3
AE46,AE,31,46,2,7
AE47,AE,31,47,1,4
AE48,AE,31,48,2,8
AF1,AF,32,1,3,11
AF2,AF,32,2,4,15
AF3,AF,32,3,3,12
AF4,AF,32,4,4,16
AF5,AF,32,5,3,11
AF6,AF,32,6,4,15
AF7,AF,32,7,3,12
AF8,AF,32,8,4,16
AF9,AF,32,9,3,11
AF10,AF,32,10,4,15
AF11,AF,32,11,3,12
AF12,AF,32,12,4,16
AF13,AF,32,13,3,11
AF14,AF,32,14,4,15
AF15,AF,32,15,3,12
AF16,AF,32,16,4,16
AF17,AF,32,17,3,11
AF18,AF,32,18,4,15
AF19,AF,32,19,3,12
AF20,AF,32,20,4,16
AF21,AF,32,21,3,11
AF22,AF,32,22,4,15
AF23,AF,32,23,3,12
AF24,AF,32,24,4,16
AF25,AF,32,25,3,11
AF26,AF,32,26,4,15
AF27,AF,32,27,3,12
AF28,AF,32,28,4,16
AF29,AF,32,29,3,11
AF30,AF,32,30,4,15
AF31,AF,32,31,3,12
AF32,AF,32,32,4,16
AF33,AF,32,33,3,11
AF34,AF,32,34,4,15
AF35,AF,32,35,3,12
AF36,AF,32,36,4,16
AF37,AF,32,37,3,11
AF38,AF,32,38,4,15
AF39,AF,32,39,3,12
AF40,AF,32,40,4,16
AF41,AF,32,41,3,11
AF42,AF,32,42,4,15
AF43,AF,32,43,3,12
AF44,AF,32,44,4,16
AF45,AF,32,45,3,11
AF46,AF,32,46,4,15
AF47,AF,32,47,3,12
AF48,AF,32,48,4,16
